Etape,Probabilite,Actif,Devise,MRR attendu,Equipe_commerciale,Gagnee_Perdue,Couleur,Opportunite,Revenu_attendu,Client,Priorite,Vendeur
Prospects,70.31,1.0,XAF,0,Ventes,En attente,0,opportunit de lafricaine des assurances congo,0,lafricaine des assurances congo,Basse,Prince NGOMA
Prospects,99.38,1.0,XAF,0,Ventes,En attente,0,opportunit de bureau d essais de controles et d analyses,0,bureau d essais de controles et d analyses becacongobecacompanycom,Basse,Prince NGOMA
Prospects,99.38,1.0,XAF,0,Ventes,En attente,0,opportunit de africa mega trading,0,africa mega trading contactamtcocom,Basse,Prince NGOMA
Prospects,99.58,1.0,XAF,0,Ventes,En attente,0,centre 4m de sant du diagnostic et de lexpertise,0,inconnu,Basse,Prince NGOMA
Prospects,70.31,1.0,XAF,0,Ventes,En attente,0,opportunit de laboratoire biologie biomedicale,0,laboratoire biomedicale,Basse,Prince NGOMA
Prospects,99.38,1.0,XAF,0,Ventes,En attente,0,opportunit de engilog,0,inconnu,Basse,Prince NGOMA
Prospects,70.31,1.0,XAF,0,Ventes,En attente,0,opportunit de hmp mainenance,0,hmp mainenance,Basse,Prince NGOMA
Prospects,98.78,1.0,XAF,0,Ventes,En attente,0,opportunit de direct assistance,0,inconnu,Basse,Prince NGOMA
Prospects,99.38,1.0,XAF,0,Ventes,En attente,0,opportunit de opticien olc,0,inconnu,Basse,Prince NGOMA
Prospects,99.38,1.0,XAF,0,Ventes,En attente,0,opportunit de elite laboratoire de biologie mdicale,0,inconnu,Basse,Prince NGOMA
Prospects,98.78,1.0,XAF,0,Ventes,En attente,0,opportunit de centre al mahdi,0,inconnu,Basse,Prince NGOMA
Prospects,68.68,1.0,XAF,0,Ventes,En attente,0,opportunit de centre mdical bethesda,0,centre mdical bethesda,Basse,Prince NGOMA
Prospects,63.81,1.0,XAF,0,Ventes,En attente,0,opportunit de centre mdical international,0,inconnu,Basse,Prince NGOMA
Prospects,99.5,1.0,XAF,0,Ventes,En attente,0,opportunit de secret des sens,0,inconnu,Basse,Prince NGOMA
Prospects,63.81,1.0,XAF,0,Ventes,En attente,0,opportunit de kin plus,0,inconnu,Basse,Prince NGOMA
Prospects,99.38,1.0,XAF,0,Ventes,En attente,0,opportunit de cabinet dentaire murielle edith gnali gomes,0,inconnu,Basse,Prince NGOMA
Prospects,63.81,1.0,XAF,0,Ventes,En attente,0,opportunit de dfep,0,inconnu,Basse,Prince NGOMA
Prospects,99.38,1.0,XAF,0,Ventes,En attente,0,opportunit de cogreen,0,inconnu,Basse,Prince NGOMA
Prospects,63.81,1.0,XAF,0,Ventes,En attente,0,opportunit de mercure logistics congo,0,inconnu,Basse,Prince NGOMA
Prospects,68.68,1.0,XAF,0,Ventes,En attente,0,opportunit de chrome services,0,chrome services,Basse,Prince NGOMA
Prospects,63.81,1.0,XAF,0,Ventes,En attente,0,opportunit de cfm corporate,0,inconnu,Basse,Prince NGOMA
Prospects,63.81,1.0,XAF,0,Ventes,En attente,0,opportunit de iesm,0,inconnu,Basse,Prince NGOMA
Prospects,98.78,1.0,XAF,0,Ventes,En attente,0,opportunit de alkhorayef petroleum company,0,alkhorayef petroleum company,Basse,Prince NGOMA
Prospects,98.79,1.0,XAF,0,Ventes,En attente,0,opportunit de ism,0,inconnu,Basse,Prince NGOMA
Prospects,99.37,1.0,XAF,0,Ventes,En attente,0,opportunit de villa madiba,0,inconnu,Basse,Prince NGOMA
Prospects,97.64,1.0,XAF,0,Ventes,En attente,0,opportunit de smgc,0,smgc,Basse,Prince NGOMA
Prospects,98.78,1.0,XAF,0,Ventes,En attente,0,opportunit de sthic,0,inconnu,Basse,Prince NGOMA
Prospects,72.24,1.0,XAF,0,Ventes,En attente,0,opportunit de europlast,0,inconnu,Basse,Prince NGOMA
Prospects,98.78,1.0,XAF,0,Ventes,En attente,0,opportunit de ocean express,0,ocean express,Basse,Prince NGOMA
Prospects,99.37,1.0,XAF,0,Ventes,En attente,0,opportunit de inalca brazzaville sarl,0,inconnu,Basse,Prince NGOMA
Prospects,99.37,1.0,XAF,0,Ventes,En attente,0,opportunit de la congolaise de congelation,0,inconnu,Basse,Prince NGOMA
Prospects,99.37,1.0,XAF,0,Ventes,En attente,0,opportunit de proteck sarl,0,inconnu,Basse,Prince NGOMA
Prospects,99.37,1.0,XAF,0,Ventes,En attente,0,opportunit de transit express,0,inconnu,Basse,Prince NGOMA
Prospects,72.24,1.0,XAF,0,Ventes,En attente,0,opportunit de kynd international,0,kynd international,Basse,Prince NGOMA
Prospects,99.37,1.0,XAF,0,Ventes,En attente,0,opportunit de saveur du congo,0,inconnu,Basse,Prince NGOMA
Prospects,8.51,1.0,XAF,0,Ventes,En attente,0,opportunit de hapaglloyd congo,0,hapaglloyd congo,Basse,Prince NGOMA
Prospects,99.36,1.0,XAF,0,Ventes,En attente,0,opportunit de imane services,0,inconnu,Basse,Prince NGOMA
Prospects,79.22,1.0,XAF,0,Ventes,En attente,0,opportunit de ca agri,0,caagri,Basse,Prince NGOMA
Prospects,79.22,1.0,XAF,0,Ventes,En attente,0,opportunit de domus catering,0,inconnu,Basse,Prince NGOMA
Prospects,99.36,1.0,XAF,0,Ventes,En attente,0,opportunit de societe les grands moulins du phare,0,inconnu,Basse,Prince NGOMA
Prospects,79.22,1.0,XAF,0,Ventes,En attente,0,opportunit de clinique marion,0,inconnu,Basse,Prince NGOMA
Prospects,79.22,1.0,XAF,0,Ventes,En attente,0,opportunit de manufacture batiment et travaux publics,0,inconnu,Basse,Prince NGOMA
Prospects,79.22,1.0,XAF,0,Ventes,En attente,0,opportunit de societe congo toles sarl,0,inconnu,Basse,Prince NGOMA
Prospects,63.81,1.0,XAF,0,Ventes,En attente,0,opportunit de hmr logistique et shipping,0,inconnu,Basse,Prince NGOMA
Prospects,99.36,1.0,XAF,0,Ventes,En attente,0,opportunit de olive energy congo sa,0,inconnu,Basse,Prince NGOMA
Prospects,79.22,1.0,XAF,0,Ventes,En attente,0,opportunit de ocean du nord,0,inconnu,Basse,Prince NGOMA
Prospects,79.22,1.0,XAF,0,Ventes,En attente,0,opportunit de carex congo,0,inconnu,Basse,Prince NGOMA
Prospects,79.22,1.0,XAF,0,Ventes,En attente,0,opportunit de ocean crewing congo,0,inconnu,Basse,Prince NGOMA
Prospects,99.36,1.0,XAF,0,Ventes,En attente,0,opportunit de ags congo demenagement internationaux sarl,0,inconnu,Basse,Prince NGOMA
Prospects,79.22,1.0,XAF,0,Ventes,En attente,0,opportunit de group engineering congo,0,inconnu,Basse,Prince NGOMA
Prospects,79.22,1.0,XAF,0,Ventes,En attente,0,opportunit de transportation logistic consulting congo,0,inconnu,Basse,Prince NGOMA
Prospects,79.22,1.0,XAF,0,Ventes,En attente,0,opportunit de jaipur restaurant,0,inconnu,Basse,Prince NGOMA
Prospects,79.22,1.0,XAF,0,Ventes,En attente,0,opportunit de psdc congo,0,inconnu,Basse,Prince NGOMA
Prospects,99.36,1.0,XAF,0,Ventes,En attente,0,opportunit de congo contracting,0,inconnu,Basse,Prince NGOMA
Prospects,98.78,1.0,XAF,0,Ventes,En attente,0,opportunit de seatec congo,0,seatec congo,Basse,Prince NGOMA
Prospects,99.36,1.0,XAF,0,Ventes,En attente,0,opportunit de cabinet dentaire seminet,0,inconnu,Basse,Prince NGOMA
Prospects,79.22,1.0,XAF,0,Ventes,En attente,0,opportunit de global access congo,0,inconnu,Basse,Prince NGOMA
Prospects,79.22,1.0,XAF,0,Ventes,En attente,0,opportunit de picp,0,inconnu,Basse,Prince NGOMA
Prospects,99.36,1.0,XAF,0,Ventes,En attente,0,opportunit de netcarecongo,0,inconnu,Basse,Prince NGOMA
Prospects,98.77,1.0,XAF,0,Ventes,En attente,0,opportunit de mfb congo,0,mfb congo,Basse,Prince NGOMA
Prospects,99.36,1.0,XAF,0,Ventes,En attente,0,opportunit de cabinet nks expertise,0,inconnu,Basse,Prince NGOMA
Prospects,79.22,1.0,XAF,0,Ventes,En attente,0,opportunit de ecole football club nathalys,0,inconnu,Basse,Prince NGOMA
Prospects,79.22,1.0,XAF,0,Ventes,En attente,0,opportunit de pharmacie de lhopital,0,peguelauriellehotmailcom,Basse,Prince NGOMA
Prospects,99.36,1.0,XAF,0,Ventes,En attente,0,opportunit de alberto santo assurances,0,inconnu,Basse,Prince NGOMA
Prospects,79.22,1.0,XAF,0,Ventes,En attente,0,opportunit de cabs pro,0,cabs pro,Basse,Prince NGOMA
Proposition,99.51,1.0,XAF,0,Ventes,En attente,0,opportunit de rovick massala,10701,rovick massala,Basse,Prince NGOMA
Proposition,99.29,1.0,XAF,0,Ventes,En attente,0,opportunit de amtech expertises sarl,1800000,amtech expertises sarl,Basse,Prince NGOMA
Proposition,99.38,1.0,XAF,0,Ventes,En attente,0,opportunit de sl production,14862500,sl production mr caustodel,Basse,Prince NGOMA
Proposition,99.5,1.0,XAF,0,Ventes,En attente,0,opportunit de doxa consulting,238900,doxa consulting omen chanel,Basse,Prince NGOMA
Proposition,99.36,1.0,XAF,0,Ventes,En attente,0,opportunit de management organisationnel,53505,management organisationnel john ebe,Basse,Prince NGOMA
Proposition,79.22,1.0,XAF,0,Ventes,En attente,0,opportunit de boukaka,15159750,bouktech mr boukaka,Basse,Prince NGOMA
Proposition,99.36,1.0,XAF,0,Ventes,En attente,0,opportunit de sl production,298350,sl production mr caustodel,Basse,Prince NGOMA
Proposition,99.36,1.0,XAF,0,Ventes,En attente,0,opportunit de ets kgf,288901,ets kgf mme fariole,Basse,Prince NGOMA
Proposition,99.36,1.0,XAF,0,Ventes,En attente,0,opportunit de ndt tech solutions,298350,ndt tech solutions mr gilles,Basse,Prince NGOMA
Proposition,79.22,1.0,XAF,0,Ventes,En attente,0,opportunit de kwiza beach pnr,14000,kwiza beach pnr rovick massala,Basse,Prince NGOMA
Proposition,99.36,1.0,XAF,0,Ventes,En attente,0,opportunit de emeraude sante assurances et reassurances congo,25682400,emeraude sante assurances et reassurances congo john ebe,Basse,Prince NGOMA
Gagné,100.0,1.0,XAF,0,Ventes,Gagné,0,opportunit de amtech expertises sarl,121278,amtech expertises sarl,Basse,Prince NGOMA
Gagné,100.0,1.0,XAF,0,Ventes,Gagné,0,opportunit de emerson,47000,emerson,Basse,Prince NGOMA
Gagné,100.0,1.0,XAF,0,Ventes,Gagné,0,opportunit de centre medical la colombe,87912,centre medical la colombe,Basse,Prince NGOMA
Gagné,100.0,1.0,XAF,0,Ventes,Gagné,0,opportunit de amtech expertises sarl,5351,amtech expertises sarl,Basse,Prince NGOMA
Gagné,100.0,1.0,XAF,0,Ventes,Gagné,0,opportunit de urielle cambeau,17835,urielle cambeau,Basse,Prince NGOMA
Gagné,100.0,1.0,XAF,0,Ventes,Gagné,0,opportunit de paola mapaga,20213,paola mapaga,Basse,Prince NGOMA
Gagné,100.0,1.0,XAF,0,Ventes,Gagné,0,opportunit de willis towers watson,19619,gracia ikouadja,Basse,Prince NGOMA
Gagné,100.0,1.0,XAF,0,Ventes,Gagné,0,opportunit de desmon kibinda,314847,desmon kibinda,Basse,Prince NGOMA
Gagné,100.0,1.0,XAF,0,Ventes,Gagné,0,opportunit de particulier,5945,particulier prince,Basse,Prince NGOMA
Gagné,100.0,1.0,XAF,0,Ventes,Gagné,0,opportunit de kwiza beach pnr,1784,kwiza beach pnr rovick massala,Basse,Prince NGOMA
Gagné,100.0,1.0,XAF,0,Ventes,Gagné,0,opportunit de kwiza beach pnr,19024,kwiza beach pnr rovick massala,Basse,Prince NGOMA
Gagné,100.0,1.0,XAF,0,Ventes,Gagné,0,opportunit de kwiza beach pnr,11058,kwiza beach pnr rovick massala,Basse,Prince NGOMA
Gagné,100.0,1.0,XAF,0,Ventes,Gagné,0,opportunit de willis towers watson,28536,willis towers watson gracia ikouadja,Basse,Prince NGOMA
Gagné,100.0,1.0,XAF,0,Ventes,Gagné,0,opportunit de particulier,150000,avenir plus moussa yara,Basse,Prince NGOMA
Gagné,100.0,1.0,XAF,0,Ventes,Gagné,0,opportunit de centre medical la colombe,175000,centre medical la colombe louisan ngoma,Basse,Prince NGOMA
Gagné,100.0,1.0,XAF,0,Ventes,Gagné,0,opportunit de particulier,374535,particulier desmon esperith kibinda,Basse,Prince NGOMA
Gagné,100.0,1.0,XAF,0,Ventes,Gagné,0,opportunit de willis towers watson,285063,willis towers watson thierryrobert nsikou,Basse,Prince NGOMA
